Rank,Player,Team,Quality (Raw),Consistency Quality-Weighted (Raw),Participation (Raw),Dominance (Raw),Quality (Norm),Consistency Quality-Weighted (Norm),Participation (Norm),Dominance (Norm),WBI Score
1,Lahiru Udara,Nondescripts Cricket Club,380.4938,0.1987,0.98,1.8987,1.0,0.4249,0.9965,0.6428,0.8305
2,Ranesh Silva,Ace Capital Cricket Club,221.1531,0.4316,0.841,0.6849,0.576,0.9231,0.8221,0.409,0.6819
3,Ashen Bandara,Police Sports Club,305.4553,0.0381,0.9028,1.323,0.8003,0.0815,0.8996,0.5319,0.6411
4,Ravindu Fernando,Bloomfield Cricket and Athletic Club,293.3037,0.0313,0.9128,1.3301,0.768,0.067,0.9121,0.5332,0.6286
5,Kamil Mishara,Nondescripts Cricket Club,313.8097,0.0314,0.7466,1.8318,0.8225,0.0671,0.7035,0.6299,0.6128
6,Pawantha Weerasinghe,Ace Capital Cricket Club,266.8188,0.0428,0.9828,0.7362,0.6975,0.0916,1.0,0.4189,0.6102
7,Pasindu Sooriyabandara,Moors Sports Club,293.0312,0.0198,0.8355,1.6893,0.7673,0.0424,0.8152,0.6025,0.6095
8,Pavan Rathnayaka,Colombo Cricket Club,302.7841,0.0282,0.791,1.6615,0.7932,0.0604,0.7593,0.5971,0.6088
9,Kasun Vidura,Chilaw Marians Cricket Club,279.1588,0.0207,0.9055,1.154,0.7303,0.0443,0.903,0.4993,0.6017
10,Niroshan Dickwella,Nondescripts Cricket Club,266.8291,0.0626,0.8583,1.0072,0.6975,0.1338,0.8437,0.4711,0.5874
11,Priyamal Perera,Police Sports Club,245.5435,0.0629,0.9028,0.863,0.6409,0.1345,0.8996,0.4433,0.5746
12,Oshada Fernando,Panadura Sports Club,253.7716,0.0754,0.841,0.8774,0.6628,0.1612,0.8221,0.446,0.5698
13,Angelo Mathews,Colts Cricket Club,320.1718,0.0263,0.4114,3.7532,0.8395,0.0562,0.2827,1.0,0.5677
14,Dinesh Chandimal,Colts Cricket Club,292.5807,0.0649,0.6148,1.8974,0.7661,0.1387,0.5381,0.6425,0.5651
15,Nipun Karunanayake,Bloomfield Cricket and Athletic Club,232.2028,0.0267,0.9228,0.8026,0.6054,0.0572,0.9247,0.4316,0.5495
16,Sohan De Livera,Moors Sports Club,238.9934,0.0522,0.8655,0.7803,0.6235,0.1116,0.8528,0.4273,0.549
17,Dhananjaya Lakshan,Colts Cricket Club,248.258,0.0205,0.8255,1.2034,0.6481,0.0437,0.8026,0.5088,0.545
18,Pramod Maduwantha,Burgher Recreation Club,255.0686,0.0365,0.7238,1.4419,0.6662,0.0782,0.6749,0.5548,0.5341
19,Ron Chandraguptha,Bloomfield Cricket and Athletic Club,231.8141,0.02,0.8783,0.5577,0.6044,0.0427,0.8688,0.3845,0.5252
20,Minod Banuka,Tamil Union Cricket and Athletic Club,237.0563,0.0485,0.7638,0.9292,0.6183,0.1037,0.7251,0.456,0.5177
21,Ramesh Mendis,Moors Sports Club,239.6782,0.0143,0.7783,1.1413,0.6253,0.0305,0.7433,0.4969,0.5166
22,Sithara Gimhana,Moors Sports Club,183.9333,0.1724,0.8183,0.3645,0.4769,0.3687,0.7935,0.3472,0.515
23,Janith Liyanage,Bloomfield Cricket and Athletic Club,277.3766,0.0243,0.6003,1.4538,0.7256,0.0519,0.5199,0.5571,0.5142
24,Lasith Croospulle,Colombo Cricket Club,254.2275,0.0233,0.7293,0.9169,0.664,0.0499,0.6818,0.4537,0.5141
25,Dhananjaya De Silva,Colombo Cricket Club,280.9372,0.0363,0.4314,2.8032,0.7351,0.0776,0.3078,0.817,0.509
26,Anjala Bandara,Colombo Cricket Club,262.2256,0.0215,0.5976,1.7923,0.6853,0.0459,0.5165,0.6223,0.5057
27,Sahan Kosala,Colombo Cricket Club,250.0368,0.0248,0.6921,1.08,0.6528,0.0531,0.6351,0.4851,0.5033
28,Parvez Rasool,Badureliya Sports Club,180.4162,0.4676,0.2579,1.7413,0.4676,1.0,0.09,0.6125,0.5014
29,Samarth Seth,Panadura Sports Club,177.995,0.4611,0.2307,2.1963,0.4611,0.9862,0.0558,0.7001,0.5007
30,Navod Paranavithana,Tamil Union Cricket and Athletic Club,217.0468,0.032,0.7838,0.6719,0.5651,0.0684,0.7502,0.4065,0.4882
31,Sahan Arachchige,Nondescripts Cricket Club,215.7785,0.0173,0.781,0.8981,0.5617,0.0371,0.7468,0.45,0.4863
32,Sangeeth Cooray,Colts Cricket Club,206.8895,0.0128,0.8455,0.4939,0.538,0.0274,0.8277,0.3722,0.4834
33,Shevon Daniel,Sinhalese Sports Club,252.843,0.0194,0.5231,2.0948,0.6603,0.0416,0.4229,0.6805,0.4803
34,Kavin Bandara,Nondescripts Cricket Club,224.9049,0.0312,0.6793,1.1478,0.586,0.0667,0.619,0.4981,0.4772
35,Sonal Dinusha,Colombo Cricket Club,204.781,0.0075,0.6593,2.3311,0.5324,0.0161,0.5939,0.7261,0.4736
36,Lakshan Edirisinghe,Kurunegala Youth Cricket Club,209.8235,0.0165,0.7938,0.5275,0.5458,0.0353,0.7628,0.3787,0.4729
37,Thanuka Dabare,Chilaw Marians Cricket Club,195.6488,0.0249,0.8438,0.2392,0.5081,0.0533,0.8255,0.3231,0.4687
38,Janishka Perera,Moors Sports Club,217.1446,0.0211,0.7066,0.7493,0.5653,0.0451,0.6532,0.4214,0.4617
39,Shehan Fernando,Moors Sports Club,182.8679,0.021,0.8483,0.441,0.4741,0.0449,0.8312,0.362,0.4607
40,Ahan Wickramasinghe,Nondescripts Cricket Club,180.1955,0.0258,0.8655,0.2231,0.467,0.0552,0.8528,0.32,0.4591
41,T M Sampath,Nugegoda Sports and Welfare Club,179.5067,0.0212,0.8683,0.2463,0.4652,0.0453,0.8563,0.3245,0.4579
42,Nishan Madushka,Colombo Cricket Club,215.62,0.0134,0.6921,0.6911,0.5613,0.0287,0.6351,0.4102,0.4505
43,Geeth Kumara,Badureliya Sports Club,194.1259,0.0225,0.7393,0.6257,0.5041,0.048,0.6944,0.3976,0.4445
44,Roshan Wijenayake,Badureliya Sports Club,239.3823,0.0159,0.4169,2.1352,0.6245,0.034,0.2896,0.6883,0.4323
45,Gayan Maneeshan,Kurunegala Youth Cricket Club,207.9712,0.0177,0.6648,0.5464,0.5409,0.0379,0.6009,0.3823,0.4315
46,Irosh Samarasooriya,Panadura Sports Club,190.8962,0.0267,0.7021,0.5694,0.4955,0.0572,0.6476,0.3867,0.4295
47,Akram Muthalib,Nugegoda Sports and Welfare Club,172.04,0.2304,0.4414,0.9845,0.4453,0.4928,0.3203,0.4667,0.4268
48,Asitha Wanninayake,Bloomfield Cricket and Athletic Club,183.6403,0.0197,0.7193,0.5241,0.4762,0.0421,0.6693,0.378,0.4229
49,Himasha Liyanage,Ace Capital Cricket Club,184.4521,0.0288,0.7193,0.3463,0.4783,0.0615,0.6693,0.3438,0.4225
50,Kevin Perera,Nugegoda Sports and Welfare Club,159.9578,0.0207,0.821,0.2038,0.4131,0.0442,0.797,0.3163,0.4208
51,Sanoj Darshika,Colts Cricket Club,177.298,0.0466,0.6966,0.4828,0.4593,0.0996,0.6407,0.37,0.4193
52,Raminda Wijesooriya,Burgher Recreation Club,193.2516,0.0186,0.6421,0.7853,0.5017,0.0398,0.5723,0.4283,0.416
53,Wanuja Sahan,Ace Capital Cricket Club,141.6748,0.0138,0.9128,-0.2087,0.3645,0.0295,0.9121,0.2368,0.4152
54,Shalith Fernando,Panadura Sports Club,201.593,0.0107,0.5803,1.2242,0.5239,0.0229,0.4948,0.5128,0.4148
55,Dilruwan Perera,Burgher Recreation Club,147.995,0.3813,0.2134,1.5687,0.3813,0.8155,0.0342,0.5792,0.4111
56,Sammu Ashan,Chilaw Marians Cricket Club,196.1681,0.0093,0.6748,0.265,0.5095,0.0199,0.6134,0.3281,0.4104
57,Ravindu Rashantha,Colts Cricket Club,183.0687,0.0148,0.6793,0.3854,0.4746,0.0317,0.619,0.3513,0.4036
58,Muditha Lakshan,Colts Cricket Club,193.0499,0.0529,0.4959,1.1482,0.5012,0.1131,0.3887,0.4982,0.395
59,Rumesh Buddhika,Badureliya Sports Club,174.9471,0.0118,0.6148,1.0544,0.453,0.0253,0.5381,0.4801,0.3928
60,Heshan Fernando,Burgher Recreation Club,158.3096,0.0167,0.7566,0.0031,0.4087,0.0357,0.716,0.2776,0.3913
61,Movin Subasinghe,Burgher Recreation Club,155.2555,0.0205,0.7366,0.2606,0.4006,0.0439,0.6909,0.3272,0.3908
62,Lasith Lakshan,Chilaw Marians Cricket Club,134.5267,0.0209,0.8338,-0.2323,0.3455,0.0448,0.813,0.2323,0.3852
63,Dilshan De Zoysa,Badureliya Sports Club,197.5062,0.0125,0.5459,0.6905,0.5131,0.0268,0.4515,0.41,0.385
64,Chamika Karunaratne,Nondescripts Cricket Club,196.1427,0.0062,0.5603,0.5473,0.5094,0.0132,0.4697,0.3825,0.3812
65,Sakuna Liyanage,Chilaw Marians Cricket Club,132.2218,0.0235,0.8138,-0.1914,0.3393,0.0503,0.7879,0.2402,0.3788
66,Avishka Tharindu,Police Sports Club,151.9174,0.0216,0.7193,0.0819,0.3917,0.0462,0.6693,0.2928,0.3772
67,Kavishka Anjula,Colts Cricket Club,147.3377,0.0149,0.721,0.2512,0.3796,0.0319,0.6714,0.3254,0.3749
68,Sachitha Jayathilake,Tamil Union Cricket and Athletic Club,177.3526,0.0155,0.6003,0.4334,0.4594,0.0331,0.5199,0.3605,0.3744
69,Lahiru Madushanka,Bloomfield Cricket and Athletic Club,130.3917,0.0092,0.8283,-0.237,0.3345,0.0196,0.8061,0.2314,0.3739
70,Lakshan Gamage,Nugegoda Sports and Welfare Club,132.8768,0.2353,0.4541,0.2898,0.3411,0.5033,0.3364,0.3329,0.3711
71,Jatin Saxena,Negombo Cricket Club,130.6305,0.3351,0.2779,0.7467,0.3351,0.7167,0.1152,0.4209,0.3693
72,Dilhara Polgampola,Kurunegala Youth Cricket Club,144.7471,0.0274,0.7121,0.0224,0.3727,0.0586,0.6602,0.2814,0.368
73,Manoj Sarathchandra,Kurunegala Youth Cricket Club,167.1536,0.0113,0.5976,0.6217,0.4323,0.0241,0.5165,0.3968,0.3664
74,Vishad Randika,Police Sports Club,129.6553,0.0418,0.7366,-0.1191,0.3325,0.0893,0.6909,0.2541,0.3617
75,Santhush Gunatilake,Moors Sports Club,135.879,0.0066,0.7366,0.1262,0.3491,0.0142,0.6909,0.3014,0.3604
76,Milan Rathnayake,Moors Sports Club,151.1072,0.0081,0.6566,0.3071,0.3896,0.0174,0.5905,0.3362,0.3574
77,Raveen De Silva,Ace Capital Cricket Club,175.2642,0.0092,0.5259,0.6043,0.4539,0.0197,0.4264,0.3934,0.3511
78,Dushan Vimukthi,Panadura Sports Club,129.5661,0.0126,0.7466,-0.1699,0.3323,0.027,0.7035,0.2443,0.3508
79,Tharindu Rathnayake,Tamil Union Cricket and Athletic Club,137.2819,0.0153,0.6993,0.0023,0.3528,0.0326,0.6442,0.2775,0.3503
80,Alankara Asanka,Badureliya Sports Club,117.0459,0.0127,0.781,-0.167,0.2989,0.0271,0.7468,0.2449,0.3484
81,Vinura Dulsara,Badureliya Sports Club,146.4985,0.0101,0.6576,0.0249,0.3773,0.0217,0.5918,0.2818,0.3455
82,Roshan Jayatissa,Ace Capital Cricket Club,95.2419,0.0156,0.8628,-0.5806,0.2409,0.0333,0.8494,0.1652,0.3402
83,Sameera Sadamal,Kurunegala Youth Cricket Club,136.2645,0.0171,0.6448,0.236,0.3501,0.0365,0.5758,0.3225,0.3397
84,Sadeera Samarawickrama,Moors Sports Club,163.6678,0.0182,0.5031,0.743,0.423,0.0389,0.3978,0.4202,0.3395
85,Dulash Udayanga,Police Sports Club,140.1782,0.009,0.6676,-0.0933,0.3605,0.0193,0.6043,0.2591,0.338
86,Shehan Jayasuriya,Panadura Sports Club,187.4581,0.0342,0.2952,1.7243,0.4863,0.0732,0.1368,0.6092,0.3348
87,Sarujan Sammuganathen,Tamil Union Cricket and Athletic Club,193.2479,0.0066,0.4314,0.4188,0.5017,0.0142,0.3078,0.3577,0.3341
88,Saminda Fernando,Burgher Recreation Club,134.9362,0.0371,0.6248,0.0053,0.3466,0.0794,0.5506,0.2781,0.3339
89,Ashian Daniel,Nondescripts Cricket Club,103.3037,0.008,0.7683,-0.2263,0.2624,0.017,0.7307,0.2335,0.3261
90,Dilum Sudeera,Police Sports Club,94.4737,0.0054,0.8155,-0.4338,0.2389,0.0116,0.79,0.1935,0.3244
91,Nuwanidu Fernando,Sinhalese Sports Club,156.4419,0.0515,0.4114,0.9558,0.4038,0.11,0.2827,0.4611,0.3234
92,Vishwa Chathuranga,Panadura Sports Club,144.1422,0.015,0.5803,0.0753,0.371,0.0321,0.4948,0.2915,0.3223
93,Chamikara Edirisinghe,Kurunegala Youth Cricket Club,103.9902,0.0082,0.7538,-0.3601,0.2642,0.0176,0.7126,0.2077,0.3185
94,Mohammed Shamaaz,Tamil Union Cricket and Athletic Club,152.1963,0.0108,0.4959,0.5861,0.3925,0.0232,0.3887,0.3899,0.3173
95,Isitha Dew Wijesundara,Ace Capital Cricket Club,91.7623,0.0111,0.811,-0.6407,0.2317,0.0238,0.7844,0.1536,0.3166
96,Kasun Abeyratne,Bloomfield Cricket and Athletic Club,131.0232,0.0055,0.5631,0.5258,0.3361,0.0118,0.4732,0.3783,0.3119
97,Suminda Lakshan,Badureliya Sports Club,137.7009,0.015,0.5431,0.3005,0.3539,0.032,0.4481,0.3349,0.3102
98,Rahul Gunasekara,Nugegoda Sports and Welfare Club,106.0821,0.0083,0.7138,-0.4153,0.2698,0.0177,0.6623,0.1971,0.3066
99,Pathum Kumara,Nugegoda Sports and Welfare Club,134.4126,0.017,0.5503,0.1328,0.3452,0.0364,0.4571,0.3026,0.305
100,Nimesh Gunasinghe,Ace Capital Cricket Club,116.7114,0.0072,0.6576,-0.2802,0.2981,0.0155,0.5918,0.2231,0.3037
101,Roscoe Thattil,Badureliya Sports Club,139.7805,0.0087,0.5559,-0.0718,0.3594,0.0186,0.4641,0.2632,0.303
102,Raveen Yasas,Badureliya Sports Club,120.1815,0.0192,0.6176,-0.1861,0.3073,0.0411,0.5416,0.2412,0.3027
103,ROSHAN WIJENAYAKE,Panadura Sports Club,104.2059,0.2648,0.2852,0.3608,0.2648,0.5663,0.1242,0.3465,0.3022
104,Dhanuja Induwara,Police Sports Club,134.1385,0.0099,0.5703,-0.1695,0.3444,0.0213,0.4823,0.2444,0.2992
105,Kemira Wijenayake,Sri Lanka Air Force Sports Club,100.755,0.2556,0.3252,0.0539,0.2556,0.5466,0.1745,0.2874,0.2983
106,Chamindu Wijesinghe,Colombo Cricket Club,100.4516,0.0111,0.6866,-0.3824,0.2548,0.0237,0.6281,0.2034,0.2942
107,Asantha Basnayaka,Kurunegala Youth Cricket Club,105.6468,0.2277,0.2852,0.5664,0.2686,0.4871,0.1242,0.3862,0.2938
108,Risira Weerasuriya,Burgher Recreation Club,133.7058,0.0126,0.5359,-0.0073,0.3433,0.027,0.439,0.2756,0.2938
109,Sasindu Malshan,Panadura Sports Club,144.6726,0.0086,0.4414,0.6661,0.3725,0.0184,0.3203,0.4053,0.2935
110,Sandun Weerakkody,Badureliya Sports Club,111.9004,0.0057,0.6376,-0.2532,0.2853,0.0122,0.5667,0.2283,0.2925
111,Hashan Dumindu,Burgher Recreation Club,150.7178,0.0042,0.4931,-0.1322,0.3885,0.009,0.3853,0.2516,0.2913
112,Thikshila De Silva,Chilaw Marians Cricket Club,113.4274,0.0155,0.6076,-0.1693,0.2893,0.0331,0.529,0.2444,0.2913
113,Sameen Kanadanearachchi,Kandy Customs Sports Club,107.2012,0.2727,0.2034,0.6005,0.2727,0.5833,0.0216,0.3927,0.2901
114,Lahiru Samarakoon,Tamil Union Cricket and Athletic Club,118.1668,0.0154,0.5603,0.028,0.3019,0.033,0.4697,0.2824,0.2872
115,Mineth Premarathne,Bloomfield Cricket and Athletic Club,115.8513,0.0168,0.5931,-0.2974,0.2958,0.0359,0.5108,0.2198,0.2861
116,Nalin Priyadarshana,Police Sports Club,67.9461,0.0045,0.8128,-0.757,0.1683,0.0095,0.7866,0.1312,0.2855
117,Kavindu Amantha,Ace Capital Cricket Club,131.6912,0.0101,0.5186,-0.028,0.3379,0.0216,0.4173,0.2717,0.2846
118,Thulina Dilshan,Tamil Union Cricket and Athletic Club,117.9856,0.0065,0.5903,-0.3029,0.3014,0.014,0.5074,0.2187,0.283
119,Akila Dananjaya,Colts Cricket Club,77.9756,0.0095,0.7455,-0.5942,0.195,0.0204,0.7022,0.1626,0.282
120,Lasith Abeyrathna,Moors Sports Club,119.3516,0.0085,0.5631,-0.1849,0.3051,0.0181,0.4732,0.2414,0.2802
121,Abhimanyu Chauhan,Sri Lanka Air Force Sports Club,103.057,0.2617,0.2234,0.3401,0.2617,0.5597,0.0468,0.3426,0.2797
122,Buddhika Hasaranga,Galle Cricket Club,95.4057,0.2414,0.2952,0.1336,0.2414,0.5162,0.1368,0.3028,0.2794
123,Imal Liyanage,Kandy Customs Sports Club,147.7483,0.011,0.3969,0.5044,0.3806,0.0235,0.2645,0.3742,0.2792
124,Hasitha Boyagoda,Bloomfield Cricket and Athletic Club,122.7572,0.0151,0.5186,-0.0345,0.3141,0.0324,0.4173,0.2704,0.277
125,Udayawansha Parakrama,Chilaw Marians Cricket Club,112.6709,0.007,0.5831,-0.3023,0.2873,0.0149,0.4983,0.2188,0.2753
126,Roshane Silva,Burgher Recreation Club,138.7451,0.0281,0.3669,0.7477,0.3567,0.0602,0.2268,0.4211,0.2746
127,Maduka Liyanapathiranage,Nugegoda Sports and Welfare Club,83.3519,0.0068,0.7021,-0.657,0.2093,0.0146,0.6476,0.1505,0.2711
128,Diniru Abeywickramasingha,Burgher Recreation Club,93.7655,0.237,0.2579,0.2509,0.237,0.5069,0.09,0.3254,0.2675
129,Leo Fransisco,Badureliya Sports Club,110.5929,0.0081,0.5559,-0.2536,0.2818,0.0173,0.4641,0.2282,0.2664
130,Ravindu Rathnayake,Chilaw Marians Cricket Club,117.916,0.0059,0.5186,-0.2309,0.3013,0.0127,0.4173,0.2326,0.2623
131,Chamod Sandaru,Kurunegala Youth Cricket Club,114.1847,0.0066,0.4986,0.0824,0.2913,0.0141,0.3922,0.2929,0.2613
132,Anuk Fernando,Nugegoda Sports and Welfare Club,83.3476,0.0128,0.6548,-0.5907,0.2093,0.0273,0.5883,0.1633,0.2607
133,Kavindu Kulasekara,Ace Capital Cricket Club,118.9,0.0058,0.5159,-0.2896,0.3039,0.0124,0.4139,0.2213,0.2607
134,Lohan De Zoysa,Nugegoda Sports and Welfare Club,110.3312,0.0043,0.5559,-0.5963,0.2811,0.0092,0.4641,0.1622,0.2546
135,Nimesh Vimukthi,Panadura Sports Club,68.8568,0.0063,0.7093,-0.7667,0.1707,0.0134,0.6567,0.1294,0.2545
136,Duvindu Tillakaratne,Bloomfield Cricket and Athletic Club,53.2817,0.006,0.7738,-0.9022,0.1293,0.0127,0.7377,0.1033,0.2542
137,Dinushka Malan,Kurunegala Youth Cricket Club,84.2093,0.0064,0.6321,-0.5147,0.2116,0.0137,0.5597,0.1779,0.254
138,Shashika Dulshan,Burgher Recreation Club,69.1662,0.0022,0.6666,-0.2983,0.1715,0.0047,0.603,0.2196,0.2532
139,Dinura Kalupahana,Sinhalese Sports Club,84.8528,0.2133,0.2552,0.3553,0.2133,0.4561,0.0866,0.3455,0.25
140,Harsha Cooray,Chilaw Marians Cricket Club,96.3482,0.0143,0.5503,-0.331,0.2439,0.0306,0.4571,0.2133,0.2499
141,Avishka Fernando,Sinhalese Sports Club,145.9375,0.0105,0.2824,0.7425,0.3758,0.0225,0.1208,0.4201,0.248
142,Chamindu Wickramasinghe,Sinhalese Sports Club,127.9941,0.0095,0.2552,1.6421,0.3281,0.0204,0.0866,0.5934,0.246
143,Sanjaya Chathuranga,Ragama Cricket Club,131.1004,0.0065,0.3052,1.0127,0.3363,0.0138,0.1494,0.4721,0.2455
144,Nadeera Balasooriya,Police Sports Club,109.5807,0.0058,0.4641,0.0495,0.2791,0.0124,0.3489,0.2866,0.2443
145,Chanaka Ruwansiri,Badureliya Sports Club,99.0391,0.0266,0.4886,-0.235,0.251,0.0568,0.3797,0.2318,0.2415
146,Chalana De Silva,Chilaw Marians Cricket Club,61.1132,0.0082,0.6966,-0.8376,0.1501,0.0176,0.6407,0.1157,0.2411
147,Nishan Peiris,Colombo Cricket Club,52.2716,0.0019,0.731,-0.8038,0.1266,0.0041,0.684,0.1222,0.2408
148,Angelo Jayasinghe,Negombo Cricket Club,97.872,0.0284,0.4786,-0.1355,0.2479,0.0607,0.3671,0.251,0.2407
149,Avishka Perera,Nugegoda Sports and Welfare Club,97.3183,0.0037,0.5559,-0.6064,0.2464,0.008,0.4641,0.1602,0.2402
150,Malinda Pushpakumara,Badureliya Sports Club,57.1523,0.0036,0.6838,-0.7368,0.1396,0.0078,0.6247,0.1351,0.2338
151,Shiran Fernando,Moors Sports Club,54.922,0.012,0.6738,-0.8289,0.1336,0.0257,0.6121,0.1174,0.2292
152,Kamindu Mendis,Colombo Cricket Club,142.0282,0.005,0.2924,0.1525,0.3654,0.0108,0.1333,0.3064,0.2276
153,Yohan Suresh,Kurunegala Youth Cricket Club,91.4887,0.0071,0.4886,-0.2131,0.2309,0.0152,0.3797,0.236,0.2257
154,Risith Upamal,Burgher Recreation Club,117.2593,0.0413,0.2952,0.41,0.2995,0.0884,0.1368,0.356,0.2251
155,Mithun Jayawickrama,Kandy Customs Sports Club,77.3588,0.0058,0.5631,-0.5295,0.1933,0.0124,0.4732,0.1751,0.2244
156,Tharindu Amarasinghe,Chilaw Marians Cricket Club,109.11,0.0048,0.4341,-0.3491,0.2778,0.0102,0.3113,0.2098,0.2225
157,Praveen De Silva,Sri Lanka Air Force Sports Club,74.4782,0.1857,0.2779,-0.1776,0.1857,0.3971,0.1152,0.2428,0.2189
158,Krishan Sanjula,Sinhalese Sports Club,108.1853,0.007,0.3869,0.02,0.2754,0.0149,0.2519,0.2809,0.2182
159,Jeffrey Vandersay,Bloomfield Cricket and Athletic Club,66.0614,0.0037,0.6021,-0.83,0.1633,0.0079,0.5221,0.1172,0.215
160,Manelker De Silva,Tamil Union Cricket and Athletic Club,97.107,0.0337,0.3769,-0.0301,0.2459,0.0721,0.2394,0.2712,0.2133
161,Ashan Priyanjan,Colombo Cricket Club,125.8773,0.0054,0.3052,0.04,0.3224,0.0114,0.1494,0.2847,0.2113
162,Vijayakanth Viyaskanth,Tamil Union Cricket and Athletic Club,73.1533,0.0049,0.5403,-0.5893,0.1821,0.0104,0.4446,0.1635,0.2106
163,Vihas Thevmika,Tamil Union Cricket and Athletic Club,96.094,0.0605,0.3224,0.0739,0.2432,0.1295,0.171,0.2913,0.2096
164,Dushan Hemantha,Panadura Sports Club,88.53,0.0036,0.4514,-0.2297,0.2231,0.0077,0.3329,0.2328,0.2089
165,Pulina Tharanga,Chilaw Marians Cricket Club,68.9991,0.1711,0.2924,-0.2768,0.1711,0.3659,0.1333,0.2237,0.2085
166,Asel Sigera,Nondescripts Cricket Club,83.3931,0.0111,0.4586,-0.2541,0.2094,0.0238,0.342,0.2281,0.2082
167,Vinuka Rubasinghe,Nondescripts Cricket Club,114.9435,0.0283,0.2507,0.5081,0.2933,0.0606,0.081,0.3749,0.2059
168,Ashan Randika,Chilaw Marians Cricket Club,86.5009,0.0121,0.4441,-0.3281,0.2177,0.0258,0.3238,0.2138,0.2053
169,Supun Madusanka,Police Sports Club,96.446,0.0031,0.3869,0.0458,0.2441,0.0066,0.2519,0.2859,0.2048
170,Duleeka Thisakuttige,Nugegoda Sports and Welfare Club,67.6748,0.1676,0.2952,-0.3489,0.1676,0.3584,0.1368,0.2098,0.2044
171,Sheran Fonseka,Colts Cricket Club,81.5025,0.0059,0.4531,-0.2753,0.2044,0.0127,0.3351,0.224,0.2016
172,Sithara Hapuhinna,Tamil Union Cricket and Athletic Club,103.0233,0.0101,0.3497,-0.0116,0.2616,0.0216,0.2052,0.2748,0.2015
173,Chamika Gunasekara,Nondescripts Cricket Club,54.155,0.0046,0.5921,-0.8015,0.1316,0.0097,0.5095,0.1227,0.2004
174,Imesh Udayanga,Kandy Customs Sports Club,85.3213,0.0115,0.4341,-0.3595,0.2145,0.0245,0.3113,0.2078,0.1997
175,Madawa Warnapura,Kurunegala Youth Cricket Club,78.6195,0.0069,0.4786,-0.5543,0.1967,0.0147,0.3671,0.1703,0.1989
176,Pasindu Thirimadura,Negombo Cricket Club,87.51,0.0328,0.3697,-0.1416,0.2203,0.0702,0.2303,0.2498,0.1972
177,Lasith Embuldeniya,Nondescripts Cricket Club,55.6968,0.0055,0.5621,-0.7029,0.1357,0.0117,0.4719,0.1416,0.1958
178,Lahiru Dewatage,Badureliya Sports Club,91.5659,0.0069,0.3869,-0.1985,0.2311,0.0147,0.2519,0.2388,0.1942
179,Kanchana De Livera,Panadura Sports Club,115.9841,0.0064,0.2852,-0.0423,0.2961,0.0137,0.1242,0.2689,0.1926
180,Nimsara Atharagalla,Chilaw Marians Cricket Club,46.0531,0.0025,0.6048,-0.9322,0.11,0.0053,0.5255,0.0975,0.1911
181,Lakshitha Manasinghe,Sinhalese Sports Club,88.2449,0.0105,0.3569,0.0594,0.2223,0.0224,0.2143,0.2885,0.1902
182,Ranitha Liyanarachchi,Kurunegala Youth Cricket Club,79.6065,0.0069,0.4341,-0.4529,0.1993,0.0148,0.3113,0.1898,0.189
183,Nipun Dhananjaya,Sinhalese Sports Club,97.2831,0.0053,0.3469,-0.1393,0.2464,0.0112,0.2017,0.2502,0.1888
184,Chamika Heenatigala,Burgher Recreation Club,82.7848,0.0039,0.2952,0.9312,0.2078,0.0084,0.1368,0.4564,0.1874
185,Malindu Maduranga,Kandy Customs Sports Club,82.8145,0.0236,0.3797,-0.327,0.2079,0.0504,0.2429,0.2141,0.186
186,Kamesh Nirmal,Tamil Union Cricket and Athletic Club,67.2325,0.1664,0.2307,-0.2548,0.1664,0.3558,0.0558,0.228,0.1859
187,Sahan Nanayakkara,Bloomfield Cricket and Athletic Club,29.6181,0.0016,0.6521,-1.0406,0.0663,0.0035,0.5848,0.0766,0.1849
188,Buddhika Sanjeewa,Badureliya Sports Club,42.2654,0.0018,0.6048,-1.0093,0.0999,0.0039,0.5255,0.0826,0.1845
189,Upul Indrasiri,Negombo Cricket Club,59.9754,0.0066,0.4959,-0.5718,0.1471,0.0142,0.3887,0.1669,0.1839
190,Mohammed Shiraz,Burgher Recreation Club,39.8477,0.0024,0.6048,-1.0074,0.0935,0.0052,0.5255,0.083,0.1823
191,Sineth Jayawardena,Tamil Union Cricket and Athletic Club,79.2055,0.006,0.4169,-0.4974,0.1982,0.0127,0.2896,0.1812,0.1814
192,Chathuranga De Silva,Colombo Cricket Club,109.2034,0.0047,0.2479,0.2351,0.2781,0.0101,0.0775,0.3223,0.181
193,Gayana Weerasinghe,Kurunegala Youth Cricket Club,76.2211,0.0193,0.3969,-0.4197,0.1903,0.0412,0.2645,0.1962,0.1799
194,Kavindu Nadeeshan,Sinhalese Sports Club,92.9427,0.0029,0.2724,0.5427,0.2348,0.0061,0.1082,0.3816,0.1794
195,Chathuranga Kumara,Police Sports Club,76.2782,0.0033,0.4314,-0.5776,0.1905,0.007,0.3078,0.1658,0.1794
196,Milinda Siriwardena,Negombo Cricket Club,96.5178,0.0102,0.2852,0.0822,0.2443,0.0219,0.1242,0.2929,0.1771
197,Umesh Lakshan,Negombo Cricket Club,99.3363,0.0137,0.2307,0.4737,0.2518,0.0294,0.0558,0.3683,0.1758
198,Ayana Siriwardana,Badureliya Sports Club,96.569,0.0054,0.3052,-0.1096,0.2445,0.0115,0.1494,0.2559,0.1758
199,Nisala Tharaka,Panadura Sports Club,68.2374,0.0027,0.4359,-0.4871,0.1691,0.0057,0.3134,0.1832,0.1746
200,Pulindu Perera,Nugegoda Sports and Welfare Club,89.2278,0.0061,0.2679,0.5015,0.2249,0.0129,0.1026,0.3736,0.1743
201,Adeesha Thilanchana,Badureliya Sports Club,83.599,0.006,0.3569,-0.2755,0.2099,0.0129,0.2143,0.224,0.1737
202,Dilshan Munaweera,Negombo Cricket Club,83.9227,0.0363,0.2952,-0.0985,0.2108,0.0777,0.1368,0.2581,0.1728
203,Pawan Sandesh,Colombo Cricket Club,81.5553,0.0057,0.3224,0.0933,0.2045,0.0122,0.171,0.295,0.1712
204,Deshan Dias,Burgher Recreation Club,84.8395,0.0058,0.3252,-0.065,0.2132,0.0124,0.1745,0.2645,0.1711
205,Lakshan Sandakan,Colombo Cricket Club,58.8722,0.0039,0.4386,-0.3471,0.1441,0.0084,0.3169,0.2102,0.1701
206,Himesh Ramanayake,Police Sports Club,57.1239,0.0026,0.4759,-0.71,0.1395,0.0056,0.3636,0.1403,0.1689
207,Kusal J Perera,Police Sports Club,86.8534,0.0034,0.2579,0.5027,0.2186,0.0073,0.09,0.3739,0.1675
208,Dunith Jayathunga,Badureliya Sports Club,80.0468,0.0027,0.4069,-0.8602,0.2005,0.0058,0.2771,0.1113,0.1673
209,Danal Hemananda,Ace Capital Cricket Club,55.7073,0.0064,0.4686,-0.6903,0.1357,0.0136,0.3545,0.1441,0.1673
210,Koshan Jayawickarama,Ragama Cricket Club,55.2622,0.0792,0.3597,-0.6088,0.1345,0.1693,0.2177,0.1598,0.1661
211,Kavindu Pathiratne,Nondescripts Cricket Club,60.3691,0.0037,0.4586,-0.7852,0.1481,0.008,0.342,0.1258,0.1652
212,SUKITHA MANOJ,Panadura Sports Club,55.6561,0.1356,0.2579,-0.4223,0.1356,0.29,0.09,0.1957,0.1641
213,Lahiru Jayarathne,Kurunegala Youth Cricket Club,60.1167,0.0063,0.4386,-0.6379,0.1475,0.0135,0.3169,0.1542,0.164
214,Navindu Nirmal,Burgher Recreation Club,79.0102,0.0134,0.3224,-0.2187,0.1977,0.0286,0.171,0.2349,0.1628
215,Chanaka Komasaru,Badureliya Sports Club,23.2164,0.0018,0.6048,-1.1622,0.0493,0.0038,0.5255,0.0532,0.1598
216,Aravinda Premarathne,Kurunegala Youth Cricket Club,51.9082,0.0033,0.4386,-0.4918,0.1256,0.0071,0.3169,0.1823,0.1582
217,Praveen Jayawickrama,Moors Sports Club,53.0022,0.0021,0.4531,-0.6835,0.1285,0.0045,0.3351,0.1454,0.1579
218,Gihan Koralage,Badureliya Sports Club,72.8433,0.0055,0.3497,-0.3615,0.1813,0.0117,0.2052,0.2074,0.1573
219,Tharindu Harshana,Bloomfield Cricket and Athletic Club,94.3731,0.0079,0.2479,-0.1262,0.2386,0.0169,0.0775,0.2527,0.1561
220,Vishwa Fernando,Colombo Cricket Club,24.2693,0.0023,0.5666,-0.9767,0.0521,0.005,0.4775,0.0889,0.1545
221,Vishwa Wijerathna,Kandy Customs Sports Club,72.0404,0.0057,0.3597,-0.5559,0.1792,0.0123,0.2177,0.17,0.1541
222,Yohan Liyanage,Ragama Cricket Club,91.3625,0.0177,0.2134,0.08,0.2306,0.0378,0.0342,0.2925,0.1522
223,Asanka Manoj,Panadura Sports Club,21.6368,0.0006,0.5921,-1.2254,0.0451,0.0013,0.5095,0.041,0.1518
224,Sheshan Fernando,Negombo Cricket Club,75.9066,0.0071,0.3052,-0.2107,0.1895,0.0151,0.1494,0.2365,0.1516
225,Sachithra Perera,Kandy Customs Sports Club,50.6142,0.0082,0.4314,-0.687,0.1222,0.0174,0.3078,0.1447,0.151
226,Rashmika Hirushan Perera,Police Sports Club,70.2605,0.0065,0.3052,-0.3633,0.1744,0.0139,0.1494,0.2071,0.1409
227,Kalhara Senarathna,Chilaw Marians Cricket Club,44.5605,0.002,0.4386,-0.8157,0.1061,0.0043,0.3169,0.1199,0.1405
228,Ranmith Jayasena,Ragama Cricket Club,66.0052,0.0361,0.2679,-0.3588,0.1631,0.0773,0.1026,0.2079,0.1375
229,Nipun Malinga,Nugegoda Sports and Welfare Club,50.3562,0.0144,0.3869,-0.7699,0.1215,0.0308,0.2519,0.1287,0.1371
230,Inuka Karannagoda,Colombo Cricket Club,79.3781,0.0068,0.2207,0.0416,0.1987,0.0146,0.0433,0.2851,0.136
231,Dinuka Dilshan,Moors Sports Club,63.3093,0.0036,0.3224,-0.4457,0.1559,0.0077,0.171,0.1912,0.1353
232,Senash Fernando,Sri Lanka Air Force Sports Club,53.1263,0.1288,0.1862,-0.4725,0.1288,0.2756,0.0,0.186,0.1346
233,Pawan Pathiraja,Ace Capital Cricket Club,73.5646,0.0025,0.2979,-0.6212,0.1832,0.0053,0.1403,0.1574,0.133
234,Sithum Dissanayake,Chilaw Marians Cricket Club,39.6314,0.0026,0.4241,-0.749,0.0929,0.0056,0.2987,0.1328,0.1329
235,Rashmika Madusanka,Kurunegala Youth Cricket Club,80.7004,0.0025,0.2679,-0.583,0.2022,0.0053,0.1026,0.1647,0.1323
236,Jason Perera,Nugegoda Sports and Welfare Club,50.2802,0.1213,0.2034,-0.529,0.1213,0.2594,0.0216,0.1751,0.1321
237,Gajitha Kotuwegoda,Burgher Recreation Club,66.1606,0.0039,0.3052,-0.5513,0.1635,0.0082,0.1494,0.1709,0.13
238,Udith Madushan,Colts Cricket Club,15.2555,0.0003,0.5321,-1.1054,0.0281,0.0007,0.4342,0.0641,0.1295
239,Murvin Abinash,Burgher Recreation Club,55.6495,0.0046,0.3397,-0.6924,0.1356,0.0098,0.1926,0.1437,0.1259
240,Hiran Jayasundara,Chilaw Marians Cricket Club,72.0582,0.0116,0.2307,-0.2214,0.1792,0.0248,0.0558,0.2344,0.1258
241,Danushka Sandaruwan,Negombo Cricket Club,32.131,0.0066,0.4314,-0.9397,0.073,0.0142,0.3078,0.096,0.1234
242,Nipun Premarathna,Police Sports Club,35.1706,0.0011,0.4214,-1.0468,0.0811,0.0024,0.2952,0.0754,0.118
243,Dilan Jayalath,Nugegoda Sports and Welfare Club,62.4869,0.0078,0.2679,-0.5084,0.1538,0.0167,0.1026,0.1791,0.1174
244,Suwath Mendis,Nugegoda Sports and Welfare Club,58.1464,0.0017,0.2924,-0.5696,0.1422,0.0036,0.1333,0.1673,0.116
245,Umega Chathuranga,Galle Cricket Club,35.5176,0.082,0.2552,-0.6169,0.082,0.1754,0.0866,0.1582,0.1132
246,Imithiyaz Slaza,Moors Sports Club,43.7038,0.0034,0.3597,-0.918,0.1038,0.0074,0.2177,0.1002,0.1125
247,Kaumal Nanayakkara,Chilaw Marians Cricket Club,23.4919,0.001,0.4286,-0.8886,0.05,0.0022,0.3043,0.1059,0.1124
248,Sahan Adeesha,Burgher Recreation Club,20.9515,0.001,0.4459,-1.1826,0.0432,0.0022,0.326,0.0492,0.1066
249,Kavindu Nirmana,Chilaw Marians Cricket Club,60.0815,0.0091,0.2207,-0.3008,0.1474,0.0195,0.0433,0.2191,0.1065
250,Dimuth Sandaruwan,Negombo Cricket Club,55.9457,0.0028,0.2679,-0.6027,0.1364,0.006,0.1026,0.161,0.1055
251,Vishva Lahiru Kumara,Panadura Sports Club,42.4903,0.0034,0.3124,-0.6681,0.1005,0.0073,0.1584,0.1484,0.1035
252,Dineth Thimodya,Nugegoda Sports and Welfare Club,69.8594,0.0019,0.2407,-0.8784,0.1734,0.0041,0.0684,0.1078,0.1035
253,Abishek Liyanarachchi,Badureliya Sports Club,55.7084,0.0024,0.2779,-0.7947,0.1357,0.0052,0.1152,0.124,0.1027
254,Lasanda Rukmal,Sri Lanka Air Force Sports Club,22.7684,0.0481,0.3324,-1.0749,0.0481,0.1028,0.1835,0.07,0.0962
255,Chanuka Dilshan,Moors Sports Club,20.4563,0.0004,0.3886,-0.9568,0.0419,0.0009,0.2541,0.0927,0.0944
256,Tharinda Nirmal Guruge,Bloomfield Cricket and Athletic Club,56.9779,0.0061,0.2034,-0.3829,0.1391,0.013,0.0216,0.2033,0.0941
257,Keshara Nuwantha,Badureliya Sports Club,47.9418,0.003,0.2652,-0.6953,0.1151,0.0065,0.0991,0.1431,0.0936
258,Chaminda Bandara,Burgher Recreation Club,38.5145,0.002,0.2824,-0.7055,0.09,0.0042,0.1208,0.1411,0.0882
259,Heshan Hettiarachchi,Ace Capital Cricket Club,26.0299,0.0013,0.3369,-0.9408,0.0567,0.0027,0.1892,0.0958,0.0849
260,Tharusha Fernando,Tamil Union Cricket and Athletic Club,37.6859,0.0016,0.2652,-0.761,0.0878,0.0033,0.0991,0.1305,0.0801
261,Avindu Theekshana,Kandy Customs Sports Club,33.2845,0.0041,0.2479,-0.6201,0.076,0.0087,0.0775,0.1576,0.0752
262,Mohamed Dilshad,Panadura Sports Club,7.5609,0.0001,0.4041,-1.376,0.0076,0.0002,0.2736,0.012,0.0733
263,Naveen Fernando,Ace Capital Cricket Club,41.3101,0.0011,0.2479,-0.9929,0.0974,0.0023,0.0775,0.0858,0.0717
264,Lahiru Gamage,Nugegoda Sports and Welfare Club,19.799,0.0402,0.2552,-1.0875,0.0402,0.0859,0.0866,0.0676,0.065
265,Bhanuka Rajapaksha,Tamil Union Cricket and Athletic Club,33.8364,0.0034,0.2207,-0.9027,0.0775,0.0074,0.0433,0.1032,0.0588
266,Sanjula Bandara,Ragama Cricket Club,42.452,0.0011,0.1862,-0.8552,0.1004,0.0024,0.0,0.1123,0.0575
267,Chanura Fernando,Negombo Cricket Club,7.6695,0.0002,0.3469,-1.324,0.0079,0.0004,0.2017,0.022,0.057
268,Thimira Irushika,Chilaw Marians Cricket Club,19.1485,0.0005,0.2752,-1.0777,0.0384,0.001,0.1117,0.0695,0.0539
269,Gayan Sirisoma,Kandy Customs Sports Club,12.2474,0.0201,0.2752,-1.213,0.0201,0.0429,0.1117,0.0434,0.051
270,Tilanga Udeshana,Moors Sports Club,11.6082,0.0012,0.2924,-1.2658,0.0184,0.0025,0.1333,0.0332,0.0462
271,Theesan Vithusan,Tamil Union Cricket and Athletic Club,4.7068,0.0,0.3197,-1.4383,0.0,0.0,0.1675,0.0,0.0419
272,Ayon Fernando,Chilaw Marians Cricket Club,17.1892,0.0008,0.2479,-1.1591,0.0332,0.0017,0.0775,0.0538,0.0411
273,Chathura Randunu,Bloomfield Cricket and Athletic Club,24.6921,0.0005,0.2234,-1.1924,0.0532,0.0011,0.0468,0.0474,0.0403
274,Melan Hansaka,Chilaw Marians Cricket Club,8.2369,0.0001,0.2852,-1.359,0.0094,0.0002,0.1242,0.0153,0.0371
275,Theeraka Ranatunga,Ace Capital Cricket Club,20.2807,0.0013,0.2207,-1.1812,0.0414,0.0028,0.0433,0.0495,0.0354
276,Dulaj Samuditha,Bloomfield Cricket and Athletic Club,15.568,0.0003,0.2307,-1.2416,0.0289,0.0007,0.0558,0.0379,0.0313
277,Chamod Battage,Ace Capital Cricket Club,10.2103,0.0146,0.2207,-1.3318,0.0146,0.0313,0.0433,0.0205,0.026
